<?xml version="1.0" encoding="UTF-8" standalone="no"?> 
<part_info part_name="xc7z020clg400-1">
<pins>
  <pin index="0" name ="btns_4bits_tri_i_0" iostandard="LVCMOS33" loc="D19"/>
  <pin index="1" name ="btns_4bits_tri_i_1" iostandard="LVCMOS33" loc="D20"/>
  <pin index="2" name ="btns_4bits_tri_i_2" iostandard="LVCMOS33" loc="L20"/>
  <pin index="3" name ="btns_4bits_tri_i_3" iostandard="LVCMOS33" loc="L19"/>
  <pin index="4" name ="leds_4bits_tri_o_0" iostandard="LVCMOS33" loc="R14"/>
  <pin index="5" name ="leds_4bits_tri_o_1" iostandard="LVCMOS33" loc="P14"/>
  <pin index="6" name ="leds_4bits_tri_o_2" iostandard="LVCMOS33" loc="N16"/>
  <pin index="7" name ="leds_4bits_tri_o_3" iostandard="LVCMOS33" loc="M14"/>
  <pin index="8" name ="sws_2bits_tri_i_0" iostandard="LVCMOS33" loc="M20"/>
  <pin index="9" name ="sws_2bits_tri_i_1" iostandard="LVCMOS33" loc="M19"/>
  <pin index="10" name ="sys_clk" iostandard="LVCMOS33" loc="H16"/>
  <pin index="11" name ="JA1" iostandard="LVCMOS33" loc="Y18"/>
  <pin index="12" name ="JA2" iostandard="LVCMOS33" loc="Y19"/>
  <pin index="13" name ="JA3" iostandard="LVCMOS33" loc="Y16"/>
  <pin index="14" name ="JA4" iostandard="LVCMOS33" loc="Y17"/>
  <pin index="15" name ="JA7" iostandard="LVCMOS33" loc="U18"/>
  <pin index="16" name ="JA8" iostandard="LVCMOS33" loc="U19"/>
  <pin index="17" name ="JA9" iostandard="LVCMOS33" loc="W18"/>
  <pin index="18" name ="JA10" iostandard="LVCMOS33" loc="W19"/>
  <pin index="19" name ="JB1" iostandard="LVCMOS33" loc="W14"/>
  <pin index="20" name ="JB2" iostandard="LVCMOS33" loc="Y14"/>
  <pin index="21" name ="JB3" iostandard="LVCMOS33" loc="T11"/>
  <pin index="22" name ="JB4" iostandard="LVCMOS33" loc="T10"/>
  <pin index="23" name ="JB7" iostandard="LVCMOS33" loc="V16"/>
  <pin index="24" name ="JB8" iostandard="LVCMOS33" loc="W16"/>
  <pin index="25" name ="JB9" iostandard="LVCMOS33" loc="V12"/>
  <pin index="26" name ="JB10" iostandard="LVCMOS33" loc="W13"/>
  <pin index="27" name ="i2c_scl_i" iostandard="LVCMOS33" loc="P15"/>
  <pin index="28" name ="i2c_sda_i" iostandard="LVCMOS33" loc="P16"/>
  <pin index="29" name ="rgb_led_tri_o_0" iostandard="LVCMOS33" loc="L15"/>
  <pin index="30" name ="rgb_led_tri_o_1" iostandard="LVCMOS33" loc="G17"/>
  <pin index="31" name ="rgb_led_tri_o_2" iostandard="LVCMOS33" loc="N15"/>
  <pin index="32" name ="rgb_led_tri_o_3" iostandard="LVCMOS33" loc="G14"/>
  <pin index="33" name ="rgb_led_tri_o_4" iostandard="LVCMOS33" loc="L14"/>
  <pin index="34" name ="rgb_led_tri_o_5" iostandard="LVCMOS33" loc="M15"/>
  <pin index="35" name ="arduino_a0_a13_tri_i_0" iostandard="LVCMOS33" loc="T14"/>
  <pin index="36" name ="arduino_a0_a13_tri_i_1" iostandard="LVCMOS33" loc="U12"/>
  <pin index="37" name ="arduino_a0_a13_tri_i_2" iostandard="LVCMOS33" loc="U13"/>
  <pin index="38" name ="arduino_a0_a13_tri_i_3" iostandard="LVCMOS33" loc="V13"/>
  <pin index="39" name ="arduino_a0_a13_tri_i_4" iostandard="LVCMOS33" loc="V15"/>
  <pin index="40" name ="arduino_a0_a13_tri_i_5" iostandard="LVCMOS33" loc="T15"/>
  <pin index="41" name ="arduino_a0_a13_tri_i_6" iostandard="LVCMOS33" loc="R16"/>
  <pin index="42" name ="arduino_a0_a13_tri_i_7" iostandard="LVCMOS33" loc="U17"/>
  <pin index="43" name ="arduino_a0_a13_tri_i_8" iostandard="LVCMOS33" loc="V17"/>
  <pin index="44" name ="arduino_a0_a13_tri_i_9" iostandard="LVCMOS33" loc="V18"/>
  <pin index="45" name ="arduino_a0_a13_tri_i_10" iostandard="LVCMOS33" loc="F16"/>
  <pin index="46" name ="arduino_a0_a13_tri_i_11" iostandard="LVCMOS33" loc="R17"/>
  <pin index="47" name ="arduino_a0_a13_tri_i_12" iostandard="LVCMOS33" loc="P18"/>
  <pin index="48" name ="arduino_a0_a13_tri_i_13" iostandard="LVCMOS33" loc="N17"/>
    
  <pin index="49" name ="raspberry_pi_tri_i_0" iostandard="LVCMOS33" loc="W18"/>
  <pin index="50" name ="raspberry_pi_tri_i_1" iostandard="LVCMOS33" loc="W19"/>
  <pin index="51" name ="raspberry_pi_tri_i_2" iostandard="LVCMOS33" loc="Y18"/>
  <pin index="52" name ="raspberry_pi_tri_i_3" iostandard="LVCMOS33" loc="Y19"/>
  <pin index="53" name ="raspberry_pi_tri_i_4" iostandard="LVCMOS33" loc="U18"/>
  <pin index="54" name ="raspberry_pi_tri_i_5" iostandard="LVCMOS33" loc="U19"/>
  <pin index="55" name ="raspberry_pi_tri_i_6" iostandard="LVCMOS33" loc="F19"/>
  <pin index="56" name ="raspberry_pi_tri_i_7" iostandard="LVCMOS33" loc="V10"/>
  <pin index="57" name ="raspberry_pi_tri_i_8" iostandard="LVCMOS33" loc="V8"/>
  <pin index="58" name ="raspberry_pi_tri_i_9" iostandard="LVCMOS33" loc="W10"/>
  <pin index="59" name ="raspberry_pi_tri_i_10" iostandard="LVCMOS33" loc="B20"/>
  <pin index="60" name ="raspberry_pi_tri_i_11" iostandard="LVCMOS33" loc="W8"/>
  <pin index="61" name ="raspberry_pi_tri_i_12" iostandard="LVCMOS33" loc="V6"/>
  <pin index="62" name ="raspberry_pi_tri_i_13" iostandard="LVCMOS33" loc="Y6"/>
  <pin index="63" name ="raspberry_pi_tri_i_14" iostandard="LVCMOS33" loc="B19"/>
  <pin index="64" name ="raspberry_pi_tri_i_15" iostandard="LVCMOS33" loc="U7"/>
  <pin index="65" name ="raspberry_pi_tri_i_16" iostandard="LVCMOS33" loc="C20"/>
  <pin index="66" name ="raspberry_pi_tri_i_17" iostandard="LVCMOS33" loc="Y8"/>
  <pin index="67" name ="raspberry_pi_tri_i_18" iostandard="LVCMOS33" loc="A20"/>
  <pin index="68" name ="raspberry_pi_tri_i_19" iostandard="LVCMOS33" loc="Y9"/>
  <pin index="69" name ="raspberry_pi_tri_i_20" iostandard="LVCMOS33" loc="U8"/>
  <pin index="70" name ="raspberry_pi_tri_i_21" iostandard="LVCMOS33" loc="W6"/>
  <pin index="71" name ="raspberry_pi_tri_i_22" iostandard="LVCMOS33" loc="Y7"/>
  <pin index="72" name ="raspberry_pi_tri_i_23" iostandard="LVCMOS33" loc="F20"/>
  <pin index="73" name ="raspberry_pi_tri_i_24" iostandard="LVCMOS33" loc="W9"/>
                                                                          
  <pin index="74" name ="spi_miso_i" iostandard="LVCMOS33" loc="W15"/>
  <pin index="75" name ="spi_mosi_i" iostandard="LVCMOS33" loc="T12"/>
  <pin index="76" name ="spi_sclk_i" iostandard="LVCMOS33" loc="H15"/>
  <pin index="77" name ="spi_ss_i" iostandard="LVCMOS33" loc="T16"/>
  
  <pin index="78" name ="hdmi_rx_hpd" iostandard="LVCMOS33" loc="T19"/>  
  <pin index="79" name ="TMDS_IN_clk_p" iostandard="TMDS_33" loc="N18"/>
  <pin index="80" name ="TMDS_IN_clk_n" iostandard="TMDS_33" loc="P19"/>
  <pin index="81" name ="TMDS_IN_data_p_0" iostandard="TMDS_33" loc="V20"/>
  <pin index="82" name ="TMDS_IN_data_p_1" iostandard="TMDS_33" loc="T20"/>
  <pin index="83" name ="TMDS_IN_data_p_2" iostandard="TMDS_33" loc="N20"/>
  <pin index="84" name ="TMDS_IN_data_n_0" iostandard="TMDS_33" loc="W20"/>
  <pin index="85" name ="TMDS_IN_data_n_1" iostandard="TMDS_33" loc="U20"/>
  <pin index="86" name ="TMDS_IN_data_n_2" iostandard="TMDS_33" loc="P20"/> 
  
  
  <pin index="87" name ="hdmi_tx_hpd" iostandard="LVCMOS33" loc="R19"/>
  
  <pin index="88" name ="TMDS_OUT_clk_p" iostandard="LVCMOS33" loc="L16"/>
  <pin index="89" name ="TMDS_OUT_clk_n" iostandard="LVCMOS33" loc="L17"/>
  <pin index="90" name ="TMDS_OUT_data_p_0" iostandard="LVCMOS33" loc="K17"/>
  <pin index="91" name ="TMDS_OUT_data_p_1" iostandard="LVCMOS33" loc="K19"/>
  <pin index="92" name ="TMDS_OUT_data_p_2" iostandard="LVCMOS33" loc="J18"/>
  <pin index="93" name ="TMDS_OUT_data_n_0" iostandard="LVCMOS33" loc="K18"/>
  <pin index="94" name ="TMDS_OUT_data_n_1" iostandard="LVCMOS33" loc="J19"/>
  <pin index="95" name ="TMDS_OUT_data_n_2" iostandard="LVCMOS33" loc="H18"/>
  
  
  <pin index="96" name ="hdmi_in_ddc_scl" iostandard="LVCMOS33" loc="U14"/>
  <pin index="97" name ="hdmi_in_ddc_sda" iostandard="LVCMOS33" loc="U15"/>
  
  <pin index="98" name ="respberry_sd_i" iostandard="LVCMOS33" loc="Y16"/>
  <pin index="99" name ="respberry_sc_i" iostandard="LVCMOS33" loc="Y17"/>
  <pin index="100" name ="hdmi_tx_cec" iostandard="LVCMOS33" loc="G15"/>
  
  <pin index="101" name ="arduino_a0" iostandard="LVCMOS33" loc="Y11"/>
  <pin index="102" name ="arduino_a1" iostandard="LVCMOS33" loc="Y12"/> 
  <pin index="103" name ="arduino_a2" iostandard="LVCMOS33" loc="W11"/> 
  <pin index="104" name ="arduino_a3" iostandard="LVCMOS33" loc="V11"/>
  <pin index="105" name ="arduino_a4" iostandard="LVCMOS33" loc="T5"/> 
  <pin index="106" name ="arduino_a5" iostandard="LVCMOS33" loc="U10"/> 
  
  <pin index="107" name ="audio_sd_i" iostandard="LVCMOS33" loc="T9"/> 
  <pin index="108" name ="audio_sc_i" iostandard="LVCMOS33" loc="U9"/> 
  <pin index="109" name ="audio_adr_0" iostandard="LVCMOS33" loc="M17"/> 
  <pin index="110" name ="audio_adr_1" iostandard="LVCMOS33" loc="M18"/> 
  <pin index="111" name ="audio_clk" iostandard="LVCMOS33" loc="U5"/> 
  
  <pin index="112" name ="bclk_i" iostandard="LVCMOS33" loc="R18"/> 
  <pin index="113" name ="wclk_i" iostandard="LVCMOS33" loc="T17"/> 
  <pin index="114" name ="sdada_out_i" iostandard="LVCMOS33" loc="G18"/> 
  <pin index="115" name ="sdata_in_i" iostandard="LVCMOS33" loc="F17"/> 
  
</pins>
</part_info>
